Apr 10 2023 05:30AM,Prestige Estates Projects Ltd,PRESTIGE,0-3000000,0-25,50-75,GGGG 411.1966456209193 408.7,TrianglePatternWithHAPDCBPP
Apr 10 2023 05:30AM,Share India Securities Ltd,SHAREINDIA,0-3000000,25-50,50-75,GGGG 1079.575709485251 1050.1166666666668,PDCBPP
