May 08 2023 05:30AM,Triveni Turbine Ltd,TRITURBINE,0-3000000,25-50,50-75,GGRR 351.4921574426262 360.15000000000003,TrianglePatternWithHAPDCBPP
