Mar 27 2023 05:30AM,Great Eastern Shipping Company Ltd,GESHIP,0-3000000,0-25,50-75,GGGG 607.0166666666667 588.6,PDCBPP
Mar 27 2023 05:30AM,Torrent Pharmaceuticals Ltd,TORNTPHARM,0-3000000,0-25,50-75,GGGR 1513.0596158936612 1495.3,PP
Mar 27 2023 05:30AM,Ahluwalia Contracts (India) Ltd,AHLUCONT,0-3000000,0-25,50-75,GGGG 486.37083333333334 477.48333333333335,PDCBPP
