Mar 21 2023 05:30AM,Sudarshan Chemical Industries Ltd,SUDARSCHEM,0-3000000,25-50,50-75,GGGR 369.0625441714713 368.1166666666666,TrianglePatternWithHAPP
Mar 21 2023 05:30AM,CSB Bank Ltd,CSBBANK,0-3000000,0-25,50-75,GGGR 222.40000000000003 215.10000000000002,PDCBPP
Mar 21 2023 05:30AM,Axis Bank Ltd,AXISBANK,8000000-12000000,25-50,50-75,GGGR 828.1666666666666 816.0499999999998,PP
Mar 21 2023 05:30AM,Route Mobile Ltd,ROUTE,0-3000000,0-25,50-75,GGRR 1272.8208333333332 1294.5833333333333,PP
