Mar 01 2023 05:30AM,Berger Paints India Ltd,BERGEPAINT,0-3000000,0-25,50-75,GGRR 557.6278627733448 563.2333333333332,TrianglePatternWithHAPP
Mar 01 2023 05:30AM,Ambuja Cements Ltd,AMBUJACEM,null,50-75,25-50,GRRG 292.9500368217356 300.7,PP
Mar 01 2023 05:30AM,Kalpataru Power Transmission Ltd,KALPATPOWR,0-3000000,0-25,50-75,GGGG 509.8458333333333 514.6833333333333,PP
Mar 01 2023 05:30AM,Gujarat State Petronet Ltd,GSPL,0-3000000,25-50,50-75,GGGG 271.76666666666665 274.78333333333336,TrianglePatternWithHAPP
Mar 01 2023 05:30AM,VRL Logistics Ltd,VRLLOG,0-3000000,0-25,50-75,GRRG 529.125 533.1,PP
Mar 01 2023 05:30AM,Tube Investments of India Ltd,TIINDIA,0-3000000,0-25,50-75,GGGG 2630.5583333333334 2669.5833333333335,PP
