Jul 06 2023 05:30AM,Bombay Burmah Trading Corporation Ltd,BBTC,0-3000000,25-50,50-75,GGRR 1013.2125 1016.8666666666667,TrianglePatternWithHAPP
Jul 06 2023 05:30AM,Gland Pharma Ltd,GLAND,0-3000000,0-25,50-75,GGGG 1055.3709447259237 1022.75,PP
