May 11 2023 05:30AM,Kirloskar Brothers Ltd,KIRLOSBROS,0-3000000,0-25,50-75,GRGG 420.93154630758795 430.9833333333333,TrianglePatternWithHAPDCBPP
May 11 2023 05:30AM,Eveready Industries India Ltd,EVEREADY,0-3000000,25-50,50-75,GRGG 300.19209267878324 295.68333333333334,TrianglePatternWithHAPP
