Aug 01 2023 05:30AM,Jindal Worldwide Ltd,JINDWORLD,0-3000000,0-25,50-75,GRRR 298.67765998178413 298.23333333333335,TrianglePatternWithHAPDCBPP
Aug 01 2023 05:30AM,Adani Power Ltd,ADANIPOWER,8000000-12000000,25-50,50-75,GGGG 256.85833333333335 261.55,PP
