Feb 20 2023 05:30AM,Elecon Engineering Company Ltd,ELECON,0-3000000,0-25,50-75,GGGR 380.1333333333334 382.5833333333333,TrianglePatternWithHAPP
Feb 20 2023 05:30AM,Mirza International Ltd,MIRZAINT,0-3000000,0-25,50-75,GGGG 249.63987636566162 239.91666666666666,PDCBPP
