Apr 17 2023 05:30AM,Eicher Motors Ltd,EICHERMOT,0-3000000,25-50,50-75,GGGG 3043.806175057269 3001.6,TrianglePatternWithHAPP
Apr 17 2023 05:30AM,Ahluwalia Contracts (India) Ltd,AHLUCONT,0-3000000,0-25,50-75,GRRR 515.7375000000001 535.4333333333334,PP
Apr 17 2023 05:30AM,Biocon Ltd,BIOCON,3000000-8000000,25-50,50-75,GGGG 218.30434071546188 210.20000000000002,PP
Apr 17 2023 05:30AM,Tanla Platforms Ltd,TANLA,0-3000000,25-50,50-75,GGGG 591.7425912344673 563.7166666666667,PDCBPP
Apr 17 2023 05:30AM,AU Small Finance Bank Ltd,AUBANK,8000000-12000000,25-50,50-75,GGGG 591.2875 587.95,PP
