Jun 06 2023 05:30AM,Great Eastern Shipping Company Ltd,GESHIP,0-3000000,0-25,50-75,GGGG 688.6613036079835 691.35,TrianglePatternWithHAPP
Jun 06 2023 05:30AM,Nitin Spinners Ltd,NITINSPIN,0-3000000,0-25,50-75,GGRR 252.7849222059837 256.5,PDCBPP
Jun 06 2023 05:30AM,Sharda Cropchem Ltd,SHARDACROP,0-3000000,0-25,75-100,GGGG 487.55833333333334 487.3333333333333,PP
Jun 06 2023 05:30AM,Cartrade Tech Ltd,CARTRADE,0-3000000,25-50,75-100,GGGR 426.6583333333333 424.09999999999997,PP
Jun 06 2023 05:30AM,Fine Organic Industries Ltd,FINEORG,0-3000000,25-50,75-100,GGGG 4568.266666666667 4556.466666666667,TrianglePatternWithHAPP
