Jul 07 2023 05:30AM,Amrutanjan Health Care Ltd,AMRUTANJAN,0-3000000,25-50,50-75,GG 637.9041666666668,PPW
Jul 07 2023 05:30AM,ICICI Prudential Life Insurance Company Ltd,ICICIPRULI,0-3000000,50-75,50-75,GG 533.8625000000001,PPW
Jul 07 2023 05:30AM,Bajaj Finserv Ltd,BAJAJFINSV,0-3000000,25-50,50-75,GG 1488.55,PPW
