May 19 2023 05:30AM,Tata Consumer Products Ltd,TATACONSUM,0-3000000,25-50,50-75,GG 753.8125,PPW
May 19 2023 05:30AM,V I P Industries Ltd,VIPIND,0-3000000,0-25,50-75,GG 604.5854166666667,PPW
May 19 2023 05:30AM,Suprajit Engineering Ltd,SUPRAJIT,0-3000000,25-50,50-75,GG 369.90208333333334,PPW
May 19 2023 05:30AM,Marico Ltd,MARICO,0-3000000,25-50,50-75,GG 500.79375,PPW
May 19 2023 05:30AM,Sobha Ltd,SOBHA,0-3000000,0-25,50-75,GG 472.0250000000001,PPW
May 19 2023 05:30AM,Glenmark Life Sciences Ltd,GLS,0-3000000,50-75,50-75,GG 505.6541666666667,PPW
