Aug 25 2023 05:30AM,Sudarshan Chemical Industries Ltd,SUDARSCHEM,0-3000000,0-25,25-50,GG 491.68333333333334,PPW
Aug 25 2023 05:30AM,Hatsun Agro Product Ltd,HATSUN,0-3000000,25-50,50-75,GG 1066.0416666666667,PDCBPPW
Aug 25 2023 05:30AM,Alembic Pharmaceuticals Ltd,APLLTD,0-3000000,25-50,50-75,GG 736.00625,PPW
Aug 25 2023 05:30AM,Vijaya Diagnostic Centre Ltd,VIJAYA,0-3000000,25-50,50-75,GG 459.075,PPW
