Feb 24 2023 05:30AM,Apollo Hospitals Enterprise Ltd,APOLLOHOSP,0-3000000,0-25,50-75,GG 4272.179166666667,PPW
Feb 24 2023 05:30AM,Shilpa Medicare Ltd,SHILPAMED,3000000-8000000,25-50,50-75,GG 253.375,PPW
Feb 24 2023 05:30AM,Cyient Ltd,CYIENT,0-3000000,0-25,50-75,GG 888.88125,PPW
Feb 24 2023 05:30AM,Metropolis Healthcare Ltd,METROPOLIS,0-3000000,25-50,50-75,GG 1273.1749999999997,PPW
Feb 24 2023 05:30AM,Aster DM Healthcare Ltd,ASTERDM,0-3000000,0-25,50-75,GG 214.5875,PPPPW
