Apr 21 2023 05:30AM,Coromandel International Ltd,COROMANDEL,0-3000000,0-25,50-75,GG 896.9875000000001,PDCBPPW
Apr 21 2023 05:30AM,Eicher Motors Ltd,EICHERMOT,0-3000000,25-50,50-75,GG 3007.8208333333337,PPW
Apr 21 2023 05:30AM,Godrej Properties Ltd,GODREJPROP,0-3000000,25-50,50-75,GG 1124.4500000000003,PPW
Apr 21 2023 05:30AM,Nitin Spinners Ltd,NITINSPIN,0-3000000,25-50,50-75,GG 238.29583333333335,PPW
Apr 21 2023 05:30AM,Uttam Sugar Mills Ltd,UTTAMSUGAR,0-3000000,0-25,50-75,GG 239.39791666666667,PPW
Apr 21 2023 05:30AM,Tanla Platforms Ltd,TANLA,0-3000000,25-50,50-75,GG 573.3666666666668,PPW
