Mar 10 2023 05:30AM,Natco Pharma Ltd,NATCOPHARM,0-3000000,0-25,50-75,GG 536.66875,PPW
Mar 10 2023 05:30AM,Zydus Wellness Ltd,ZYDUSWELL,0-3000000,25-50,50-75,GG 1400.7354166666667,PPW
Mar 10 2023 05:30AM,Apollo Pipes Ltd,APOLLOPIPE,0-3000000,0-25,50-75,GG 495.49916666666667,PPW
Mar 10 2023 05:30AM,Gujarat State Petronet Ltd,GSPL,0-3000000,25-50,50-75,GG 272.34166666666664,PPW
Mar 10 2023 05:30AM,Kaveri Seed Company Ltd,KSCL,0-3000000,25-50,50-75,GG 525.7708333333334,PPW
